{"cameraMode":{"drawMode":0,"name":"Shaded","section":"Shading Mode"},"sceneLighting":false,"audioPlay":false,"sceneViewState":{"showFog":true,"showMaterialUpdate":false,"showSkybox":false,"showFlares":true,"showImageEffects":true,"showParticleSystems":true,"showVisualEffectGraphs":true,"m_FxEnabled":true},"in2DMode":false,"pivot":{"x":216.5800018310547,"y":30.909631729125978,"z":178.7412567138672},"rotation":{"x":0.2568100392818451,"y":-0.024871498346328737,"z":0.006644173990935087,"w":0.9661184549331665},"size":0.38346317410469057,"orthographic":false}